hcode,name,entity_type,affiliation,phone,website,address_no,moo,soi,road,subdistrict,district,province,postal_code,uc_phone,uc_email,doc_email,coordinators,network_types
41692,คลินิกเทคนิคการแพทย์ฟ้าสีรุ้งรามคำแหง,"Med-Tech Clinic (R020602)",เอกชน,027316532-3,,"1,3 ชั้น1-2",,รามคำแหง97/2,,,,กรุงเทพมหานคร,10240,,,,,R020602
F0377,มูลนิธิเพื่อนพนักงานบริการ,"Foundation/CBO (R0216)",เอกชน,026329502,,3,,พัฒน์พงศ์,สุรวงศ์,,,กรุงเทพมหานคร,10500,,,,,R0216
F0379,"มูลนิธิเอชไอวี เอเชีย","Foundation/CBO (R0216)",เอกชน,0890391918,,49/29,,ประดิพัทธ์21,ประดิพัทธ์,,,กรุงเทพมหานคร,10400,,,,"ธนบดี วงพุธทะ <thanabodithanabodi@gmail.com> 0933616594 | ธีรศักดิ์ ประสานพิมพ์ <teerasak025@gmail.com> 0887755838 | นพรัตน์ มหาโชคชัย <nopparat.110988@gmail.com> 0657361153 | สมาน พวงศรี <sno_koko30@hotmail.com> 0917365092 | ณัฐภูมิเศรษฐ สุวรรณศรี <mr.mathee@hotmail.co.th> 0628653188 | จันจิรา สายทอง <jumjanjira23@gmail.com> 0637507054",R0216
F0293,สมาคมพัฒนาอนามัยแห่งประเทศไทย,"Foundation/CBO (R0216)",เอกชน,"02 880 7084",,41/9,,,บรมราชชชนนี,,,กรุงเทพมหานคร,10170,,,,"นายเทอดศักด์ จำนงค์ศิลป์ <omm242515@gmail.com> 0618367565",R0216
F0381,สมาคมฟ้าสีรุ้งแห่งประเทศไทย,"Foundation/CBO (R0216)",เอกชน,"02 731 6532 ต่อ 102",,"1 และ 3",,"รามคำแหง 97/2",รามคำแหง,,,กรุงเทพมหานคร,10240,,,,,R0216
43401,สวิงสะพานควายคลินิกเทคนิคการแพทย์,"Med-Tech Clinic (R020602)",เอกชน,02-1150251,,1417/31,00,,พหลโยธิน,,,กรุงเทพมหานคร,10400,,,,,R020602
52630,"สวิงสีลม สหคลินิก","Med-Tech Clinic (R020602)",เอกชน,026329501,,"64 อาคารสีลม 64 ชั้น 6 ห้องเลขที่ 601-607",,,สีลม,,,กรุงเทพมหานคร,10500,026329501,clinic.slm@swingth.org,clinic.slm@swingth.org,"วิสนา อนุพันธ์วิทยากุล <wisana.fern@gmsail.com> 0841533243","R0206, R0207"
G1478,คณะทำงานเพื่อสุขภาพชุมชน,"Foundation/CBO (R0216)",เอกชน,034910023,,286/73-74,,,แสงชูโต,บ้านเหนือ,เมืองกาญจนบุรี,กาญจนบุรี,71000,,,,,R0216
G8926,ชมรมน้ำใจท่านเจ้าคุณไพบูลย์,"Foundation/CBO (R0216)",เอกชน,0926759768,,406,08,,,พนมทวน,พนมทวน,กาญจนบุรี,71140,,,,,R0216
G8901,ชมรมมะขามหวาน,"Foundation/CBO (R0216)",เอกชน,0889431967,,403,01,เทศบาลด่านมะขามเตี้ย,ด่านมะขามเตี้ย,ด่านมะขามเตี้ย,ด่านมะขามเตี้ย,กาญจนบุรี,71260,,,,"นางสาวปัทมา ศรีสกุล <> 0929549177",R0216
G8902,ชมรมรักษ์ม่วง,"Foundation/CBO (R0216)",เอกชน,0871644856,,978/1,03,,แสงชูโต,ท่าม่วง,ท่าม่วง,กาญจนบุรี,71110,,,,,R0216
G1476,กลุ่มเพื่อนกมลาไสย/ฆ้องชัย,"Foundation/CBO (R0216)",เอกชน,061-1600328,https://cpp.nhso.go.th/profile/?hcode=G1476,111,11,,,กมลาไสย,กมลาไสย,กาฬสินธุ์,46130,,,,"นางสาวสมรัก ภูวิชัย <somrak.klshp@gmail.com> 061-1600328 | นายชินบัญชร์ จันทฤาชา <> 098-1637987",R0216
G8895,กลุ่มเพื่อนคำม่วง,"Foundation/CBO (R0216)",เอกชน,0817998583,,"92 โรงพยาบาลคำม่วง",10,,,ทุ่งคลอง,คำม่วง,กาฬสินธุ์,46180,,,,,R0216
G8898,กลุ่มเพื่อนไดโนเสาร์,"Foundation/CBO (R0216)",เอกชน,0801460649,,48,10,,,โนนบุรี,สหัสขันธ์,กาฬสินธุ์,46140,,,,,R0216
G1449,"กลุ่ม M.QUEER","Foundation/CBO (R0216)",เอกชน,0918617818,,55,12,,,คำแคน,มัญจาคีรี,ขอนแก่น,40160,,,,,R0216
G1457,"กลุ่มแอ็คทีม จังหวัดขอนแก่น","Foundation/CBO (R0216)",เอกชน,0955421866,,"164 /29",,,ชาตะผดุง,ในเมือง,เมืองขอนแก่น,ขอนแก่น,40000,,,,,R0216
F0411,"สมาคมวางแผนครอบครัวแห่งประเทศไทย สำนักงานภูมิภาค (ภาคตะวันออกเฉียงเหนือ)","Foundation/CBO (R0216)",เอกชน,043223627,,752-754,,,ศรีจันทร์,ในเมือง,เมืองขอนแก่น,ขอนแก่น,40000,,,,,R0216
41696,"คลินิกเทคนิคการแพทย์ฟ้าสีรุ้ง เมืองชลบุรี","Med-Tech Clinic (R020602)",เอกชน,"033-138589,062 -5127561",www.rsat.info,94/6,04,,สุขุมวิท,บ้านสวน,เมืองชลบุรี,ชลบุรี,20000,,,,"นายภควัต รักษาศิล <Pakawat.r@rsat.info> 095-4973247",R020602
F0385,มูลนิธิซิสเตอร์,"Foundation/CBO (R0216)",เอกชน,033-035367,,417/64-65,09,อรุโณทัย,พัทยากลาง,หนองปรือ,บางละมุง,ชลบุรี,20150,,,,,R0216
F0413,"มูลนิธิเพื่อนพนักงานบริการ (SWING) จังหวัดชลบุรี","Foundation/CBO (R0216)",เอกชน,038412297,,45/54,10,,,หนองปรือ,บางละมุง,ชลบุรี,20250,,,,,R0216
F0409,"สมาคมฟ้าสีรุ้งแห่งประเทศไทย สำนักงานจังหวัดชลบุรี","Foundation/CBO (R0216)",เอกชน,038-195073,,94/6,04,,สุขุมวิท,บ้านสวน,เมืองชลบุรี,ชลบุรี,20000,,,,,R0216
41592,"สวิงพัทยา คลินิกเทคนิคการแพทย์","Med-Tech Clinic (R020602)",เอกชน,038412297,,45/54,10,,พัทยาใต้,หนองปรือ,บางละมุง,ชลบุรี,20150,,,,"พลอยไพลิน เหล็กศิริ <mae.pty@swingth.org> 0879581279",R020602
G0289,"เครือข่ายสายชล จังหวัดชลบุรี","Foundation/CBO (R0216)",เอกชน,0970696417,,29/65,03,,,สัตหีบ,สัตหีบ,ชลบุรี,20180,,,,,R0216
G8937,กลุ่มพลังรัก,"Foundation/CBO (R0216)",เอกชน,0983478694,,12,,,บรรณาการ,ในเมือง,เมืองชัยภูมิ,ชัยภูมิ,36000,,,,,R0216
G8907,กลุ่มเพื่อนวันใหม่โรงพยาบาลภูเขียว,"Foundation/CBO (R0216)",เอกชน,0874401566,,149,04,,ภูเขียว-ชุมแพ,ผักปัง,ภูเขียว,ชัยภูมิ,36110,,,,,R0216
G8938,กลุ่มเพื่อนเกษตรสมบูรณ์โรงพยาบาลเกษตรสมบูรณ์,"Foundation/CBO (R0216)",เอกชน,0986161281,,555,01,,,บ้านยาง,เกษตรสมบูรณ์,ชัยภูมิ,36120,,,,,R0216
G8894,กลุ่มดอกหญ้า,"Foundation/CBO (R0216)",เอกชน,0824739471,,69,,,,ทับเที่ยง,เมืองตรัง,ตรัง,92000,,,,"นางสาวอรุณี คงแก้ว <arunee17112520@gmail.com> 0824739471",R0216
G1403,"กลุ่มพะยูนศรีตรัง จังหวัดตรัง","Foundation/CBO (R0216)",เอกชน,0858889433,,29,,,พระงาม,ทับเที่ยง,เมืองตรัง,ตรัง,92000,,,,,R0216
G8930,กลุ่มสายรุ้งรุ่งเจริญ,"Foundation/CBO (R0216)",เอกชน,0994101796,,31,,,เทศบาล10,นาโยงเหนือ,นาโยง,ตรัง,92170,,,,,R0216
G1464,"ชมรมรักเพื่อน ตำบลบ่อพลอย อำเภอบ่อไร่ จังหวัดตราด","Foundation/CBO (R0216)",เอกชน,092-1822651,,29,04,,,บ่อพลอย,บ่อไร่,ตราด,23140,,,,"นางสาวธัญญาภร แผ่นททอง <ladtvaybo@gmail.com> 099-3235628",R0216
G1463,ชมรมรักเพื่อนเขาสมิง,"Foundation/CBO (R0216)",เอกชน,089-0031498,,75,01,,สุขุมวิท,แสนตุ้ง,เขาสมิง,ตราด,23150,,,,,R0216
G8921,"กลุ่มมอบความหวัง Give Hope Group จังหวัดตาก","Foundation/CBO (R0216)",เอกชน,0910788169,,455/5,04,,,แม่ระมาด,แม่ระมาด,ตาก,63140,,,,,R0216
G1491,ชมรมเมฆขาว,"Foundation/CBO (R0216)",เอกชน,0864091392,,1-100,,,สุวรรณศร,นครนายก,เมืองนครนายก,นครนายก,26000,,,,,R0216
G1365,"กลุ่ม Friendly Club จังหวัดนครปฐม","Foundation/CBO (R0216)",เอกชน,0898937980,,191/17,,,"29 มกรา",พระปฐมเจดีย์,เมืองนครปฐม,นครปฐม,73000,,,,,R0216
F0429,"สมาคมฟ้าสีรุ้งแห่งประเทศไทย สำนักงานจังหวัดนครปฐม","Foundation/CBO (R0216)",เอกชน,0855544494,,151/8-9,,,สระแก้ว,พระประโทน,เมืองนครปฐม,นครปฐม,73000,,,,,R0216
43436,คลินิกเทคนิคการแพทย์เอ็มพลัสนครราชสีมา,"Med-Tech Clinic (R020602)",เอกชน,0989452699,https://www.mplusthailand.com,564/1,,,ช้างเผือก,ในเมือง,เมืองนครราชสีมา,นครราชสีมา,30000,,,,"สาธุการ เพชรศรี <> 0639807340",R0206
F0414,"มูลนิธิเอ็มพลัส จังหวัดนครราชสีมา","Foundation/CBO (R0216)",เอกชน,0989452699,,564/1,,,ช้างเผือก,ในเมือง,เมืองนครราชสีมา,นครราชสีมา,30000,,,,,R0216
G8929,กลุ่มมหาราช,"Foundation/CBO (R0216)",เอกชน,0817478311,,198,,,ราชดำเนิน,ในเมือง,เมืองนครศรีธรรมราช,นครศรีธรรมราช,80000,,,,,R0216
G8928,กลุ่มใจสู่ใจ,"Foundation/CBO (R0216)",เอกชน,0807173867,,23,08,,,ชะอวด,ชะอวด,นครศรีธรรมราช,80180,,,,,R0216
F0421,"มูลนิธิรักษ์ไทย จังหวัดนครศรีธรรมราช","Foundation/CBO (R0216)",เอกชน,075450779,,"161,163",,,วันดีโฆษิตกุลพร,ในเมือง,เมืองนครศรีธรรมราช,นครศรีธรรมราช,80000,,,,"คุณแสงตะวัน งามกาหลง <saengtawan_nk@raksthai.org> 063 497 8298",R0216
F0407,"สมาคมฟ้าสีรุ้งแห่งประเทศไทย จังหวัดนครสวรรค์","Foundation/CBO (R0216)",เอกชน,056-002419,,625/1,,,โกสีย์,ปากน้ำโพ,เมืองนครสวรรค์,นครสวรรค์,60000,,,,,R0216
G8893,กลุ่มนราธิวาส,"Foundation/CBO (R0216)",เอกชน,0862921074,,180,,,ระแงะมรรคา,บางนาค,เมืองนราธิวาส,นราธิวาส,96000,,,,"นางสาวพรพนา เจ๊ะกา <์nara100418@gmail.com> 0862921074",R0216
G8908,กลุ่มบุหงาตันหยง,"Foundation/CBO (R0216)",เอกชน,0652846514,,86,01,,ระแงะมรรคา,ตันหยงมัส,ระแงะ,นราธิวาส,96130,,,,"นางคอตีเราะ บูละ <> 065-2846514",R0216
G8906,กลุ่มฟ้าใหม่,"Foundation/CBO (R0216)",เอกชน,0650715595,,184/5,02,,,รือเสาะ,รือเสาะ,นราธิวาส,96150,,,,,R0216
F0450,"มูลนิธิซิสเตอร์ (ศูนย์น่าน)","Foundation/CBO (R0216)",เอกชน,0968563852,,415,03,,,กลางเวียง,เวียงสา,น่าน,55110,,,,"สุจิรา ไชยแล <Sujira.sisters@gmail.com> 0861188897 | ฐิติญานันท์ หนักป้อ <Thitiyanun.sister@gmail.com> 0828551491",R0216
G8917,กลุ่มโฮมใจศรีวิไล,"Foundation/CBO (R0216)",เอกชน,0988613876,,300,11,,ศรีวิไล-ชุมภูทอง,ศรีวิไล,ศรีวิไล,บึงกาฬ,38210,,,,,R0216
G8918,กลุ่มสายใยมิตรภาพอำเภอละหานทราย,"Foundation/CBO (R0216)",เอกชน,0622953537,,55,08,,,ละหานทราย,ละหานทราย,บุรีรัมย์,31170,,,,"นายไพทูรณ์ เปรียวไธสง <> 0622953537",R0216
G8936,กลุ่มแสงส่องใจ,"Foundation/CBO (R0216)",เอกชน,0898474944,,692,,,โชคชัย-เดชอุดม,นางรอง,นางรอง,บุรีรัมย์,31110,,,,,R0216
F0435,"สมาคมฟ้าสีรุ้งแห่งประเทศไทย สำนักงานจังหวัดพระนครศรีอยุธยา","Foundation/CBO (R0216)",เอกชน,0810583430,,"10/4 ห้อง2",,,ราเมศวร,ประตูชัย,พระนครศรีอยุธยา,พระนครศรีอยุธยา,13000,,,,"นิพนธ์ ไร่นา <niphonraina@gmail.com> 0810583430",R0216
G1497,กลุ่มสู่ชีวิตใหม่,"Foundation/CBO (R0216)",เอกชน,094-8307519,,7,07,,จุน-ปง,ห้วยข้าวก่ำ,จุน,พะเยา,56150,,,,"นางพิราภรณ์ จันธิมา <Piraporn.rommy@gmail.com> 094-8307519",R0216
G1496,ชมรมเพื่อนใจดอกคำใต้,"Foundation/CBO (R0216)",เอกชน,0979524382,,225,04,,,ดอนศรีชุม,ดอกคำใต้,พะเยา,56120,,,,"นางสาวสมศรี แสงอรุณ <somsrisang1111@gmail.com> 0979524382",R0216
G1440,ศูนย์บริการสุขภาพที่เป็นมิตรน้ำกว๊านสีรุ้ง,"Foundation/CBO (R0216)",เอกชน,0955982143,,414/12,11,,,บ้านต๋อม,เมืองพะเยา,พะเยา,56000,,,,"ภัคนันท์ เครือแก้ว <phakkhanan.kr@namkwansirung.org> 0903313406 | สุพัฒน์ คำก๋อง <suphat.kh@namkwansirung.org> 0959804149",R0216
G1477,"ศูนย์องค์รวมอำเภอเมือง จังหวัดพะเยา","Foundation/CBO (R0216)",เอกชน,083-5804413,,269,11,,,บ้านต๋อม,เมืองพะเยา,พะเยา,56000,,,,"อ้อย เมืองวงค์ <> 0835804413",R0216
G8899,กลุ่มดอกพะยอมบาน,"Foundation/CBO (R0216)",เอกชน,"0802615539, 0931769678",,171,02,,,ป่าพะยอม,ป่าพะยอม,พัทลุง,93210,,,,"นางวาสนา รักจันทร์ <vanasanarah@gmail.com> 0931769678",R0216
G1453,มูลนิธิสกายสีม่วงพัทลุง,"Foundation/CBO (R0216)",เอกชน,0836532062,,161,02,,,ท่ามิหรำ,เมืองพัทลุง,พัทลุง,93000,,,,,R0216
42623,คลินิกเทคนิคการแพทย์เอ็มพลัสพิษณุโลก,"Med-Tech Clinic (R020602)",เอกชน,0971462723,,262/19-22,,ราษฎ์อุทิศ,บรมไตรโลกนารถ,ในเมือง,เมืองพิษณุโลก,พิษณุโลก,65000,,,,,R020602
F0408,"มูลนิธิเอ็มพลัส จังหวัดพิษณุโลก","Foundation/CBO (R0216)",เอกชน,"097 146 2723",,262/19-22,,,ราษฏร์อุทิศ,ในเมือง,เมืองพิษณุโลก,พิษณุโลก,65000,,,,,R0216
G8909,"กลุ่ม HUG Sarakham","Foundation/CBO (R0216)",เอกชน,0878137116,,899/29,01,,,ท่าขอนยาง,กันทรวิชัย,มหาสารคาม,44150,,,,,R0216
G1481,"กลุ่มหอแก้วสีรุ้ง จังหวัดมุกดาหาร","Foundation/CBO (R0216)",เอกชน,0628899994,,"744 บ้านภูมโนรมย์",09,,,นาสีนวน,เมืองมุกดาหาร,มุกดาหาร,49000,,,,,R0216
G8911,"กลุ่มแอ็คทีม ร้อยเอ็ด (ACTTEAM ROI ET)","Foundation/CBO (R0216)",เอกชน,0828556517,,35/10,,,"ถนนกองพล 10",ในเมือง,เมืองร้อยเอ็ด,ร้อยเอ็ด,45000,,,,,R0216
F0321,"มูลนิธิคณะนักบุญคามิลโลแห่งประเทศไทย คามิลเลียน โซเชียล เซนเตอร์ ระยอง","Foundation/CBO (R0216)",เอกชน,0899360080,,1/1,,คีรี,,ห้วยโป่ง,เมืองระยอง,ระยอง,21150,,,,,R0216
F0412,"มูลนิธิซิสเตอร์ ศูนย์ระยอง จังหวัดระยอง","Foundation/CBO (R0216)",เอกชน,0959529052,,139/22,,,ราษฎร์บำรุง,เนินพระ,เมืองระยอง,ระยอง,21000,,,,,R0216
G8933,ชมรมสายธาร,"Foundation/CBO (R0216)",เอกชน,0656491441,,146,04,,,ท่านัด,ดำเนินสะดวก,ราชบุรี,70130,,,,,R0216
G1479,กลุ่มชมรมเพื่อนแก้ว,"Foundation/CBO (R0216)",เอกชน,"0895546903 , 0816725931",,280,,,พหลโยธิน,หัวเวียง,เมืองลำปาง,ลำปาง,52100,,,pk.lampang63@gmail.com,"สิทธิวัฒน์ ใจวัง <sitiwat52j@gmail.com> 08 9554 6903 | ไตรภพ เจตธีรธนา <traiphop.k456@gmail.com> 09 3132 8060",R0216
G1468,กลุ่มชาววัง,"Foundation/CBO (R0216)",เอกชน,086-1326366,,362,04,,,วังเหนือ,วังเหนือ,ลำปาง,52140,,,narapornpankaew16@gmail.com,"นราภรณ์ พานแก้ว <narapornpankaew16@gmail.com> 0861326366",R0216
G8915,กลุ่มทานตะวัน,"Foundation/CBO (R0216)",เอกชน,0850321750,,289,10,,,แม่ทะ,แม่ทะ,ลำปาง,52150,,,ิboonmee1750@gmail.com,"บุญม๊ วงศ์เครือใจ <ฺฺboonmee1750@gmail.com> 0850321750",R0216
G8900,กลุ่มรวมน้ำใจ,"Foundation/CBO (R0216)",เอกชน,0810186358,,230,04,,สุขประชาสรร,หลวงเหนือ,งาว,ลำปาง,52110,,,,"แสงจันทร์ อักษร <saengjan.ak@gmail.com> 081-0186358",R0216
G8914,กลุ่มแสงตะวัน,"Foundation/CBO (R0216)",เอกชน,"0985457094,0901794120",,199,01,,,ทุ่งงาม,เสริมงาม,ลำปาง,52210,,,somsri16j@gmail.com,"นางสมศรี เสาร์เทพ <somsri16j@gmail.com> 0895457094",R0216
G8916,"ชมรมพลังใหม่ ๒๐๐๑","Foundation/CBO (R0216)",เอกชน,0997711706,,195,03,,,วิเชตนคร,แจ้ห่ม,ลำปาง,52120,,,,"นางแววดาว แต้มดี <waewdaowtaemdee@gmail.com> 0997711706",R0216
G1467,กลุ่มช่วยเพื่อนชาวลี้,"Foundation/CBO (R0216)",เอกชน,0954643094,,111,07,,,ลี้,ลี้,ลำพูน,51110,,,,"นางพงศ์เพ็ญ วรรรเวศ <pongrada011@gmail.com> 095-4643094 | นางอรุณี คำปัน <> 086-1149068",R0216
G1367,มูลนิธิวีแคป,"Foundation/CBO (R0216)",เอกชน,"052034237,0653831798,0822591997",https://www.facebook.com/vcap.foundation,343/385,06,18,จามเทวี,เหมืองง่า,เมืองลำพูน,ลำพูน,51000,"052034237,0653831798",vcap.lpu@gmail.com,vcap.lpu@gmail.com,"วุธสิทธิกร ณ ลำปาง <topwuttikorn@gmail.com> 0822591997 | ธนทปพร สุวรรณหล้า <kanthanakon@gmail.com> 0989426192",R0216
G1475,กลุ่มกำลังใจ,"Foundation/CBO (R0216)",เอกชน,0818793227,,636,06,,,หนองฉลอง,ขุขันธ์,ศรีสะเกษ,33140,,,,"นาย วีรพล ทองเต็ม <nuii2515ahotmail.com> 081-8793227",R0216
G8891,กลุ่มกำลังใจขุนหาญ,"Foundation/CBO (R0216)",เอกชน,0973341464,,42,13,,,กันทรอม,ขุนหาญ,ศรีสะเกษ,33150,,,,"นางณัฐพร พิมพ์วรเมธากุล <pronnata62@gmail.com> 0973341464",R0216
G1495,กลุ่มสร้างสรรค์กำลังใจ,"Foundation/CBO (R0216)",เอกชน,0895039554,,446,05,,ดำรงสถิต,น้ำอ้อม,กันทรลักษ์,ศรีสะเกษ,33110,,,,,R0216
G1471,กลุ่มเพื่อนช่วยเพื่อนอำเภอเมืองศรีสะเกษ,"Foundation/CBO (R0216)",เอกชน,086-2578623,,0859,,,กสิกรรม,เมืองใต้,เมืองศรีสะเกษ,ศรีสะเกษ,33000,,,,"นางสาวสุพรรณ พิเดช <prunky.tnp@hotmail.com> 086-2578623 | นางพัชรากร อินทนนท์ <phatcharakorn0@gmail.com> 087-2520408",R0216
G8892,กลุ่มแสงตะวัน,"Foundation/CBO (R0216)",เอกชน,0891836010,,183,05,,,ดูน,กันทรารมย์,ศรีสะเกษ,33130,,,,,R0216
G8922,"กลุ่มคนทำงานดูแลผู้ใช้สารเสพติดจังหวัดสงขลา (Care Team)","Foundation/CBO (R0216)",เอกชน,"065-0364527,074-800143",,62/4,01,,สุขาภิบาล1,บ้านนา,จะนะ,สงขลา,90130,,,,,R0216
G8927,กลุ่มดอกไม้บาน,"Foundation/CBO (R0216)",เอกชน,0851285503,,5/1,05,,ราษฎร์บำรุง,ระโนด,ระโนด,สงขลา,90140,,,,,R0216
40921,คลินิกเทคนิคการแพทย์ฟ้าสีรุ้งหาดใหญ่,"Med-Tech Clinic (R020602)",เอกชน,074-232101,,6,,,"ป.ณัฐพล 3",หาดใหญ่,หาดใหญ่,สงขลา,90110,,,,,R020602
F0405,"สมาคมฟ้าสีรุ้งแห่งประเทศไทย สำนักงานจังหวัดสงขลา","Foundation/CBO (R0216)",เอกชน,074-232101,,97,,,"นิพัทธ์สงเคราะห์ 2",หาดใหญ่,หาดใหญ่,สงขลา,90110,,,,,R0216
G8904,ศูนย์นี้มีรอยยิ้ม,"Foundation/CBO (R0216)",เอกชน,0635198239,,165,,,บางลี่-หนองวัลย์เปรียง,สองพี่น้อง,สองพี่น้อง,สุพรรณบุรี,72110,,,,"เสาวนีย์ วรกิจเจริญชัย <Sao.wor@gmail.com> 0635198239",R0216
F0420,"มูลนิธิรักษ์ไทย จังหวัดสุราษฎร์ธานี","Foundation/CBO (R0216)",เอกชน,077960177,,58/27-28,01,,,ขุนทะเล,เมืองสุราษฎร์ธานี,สุราษฎร์ธานี,84100,,,,,R0216
G1465,ชมรมหัวใจสีแดง,"Foundation/CBO (R0216)",เอกชน,0992949296,,2/1,12,,,บ้านกล้วย,เมืองสุโขทัย,สุโขทัย,64000,,,,,R0216
53588,คลินิกเทคนิคการแพทย์เอ็มเฟรนด์,"Med-Tech Clinic (R020602)",เอกชน,0933969458,,132/9,01,บ้านหนองบัว,,หมากแข้ง,เมืองอุดรธานี,อุดรธานี,41000,,,,,R0206
F0396,มูลนิธิเอ็มเฟรนด์อุดรธานี,"Foundation/CBO (R0216)",เอกชน,042-119998,,132/9,01,บ้านหนองบัว,นิตโย,หมากแข้ง,เมืองอุดรธานี,อุดรธานี,41000,,,,,R0216
G8903,ชมรมเพื่อนวันพุธ,"Foundation/CBO (R0216)",เอกชน,0802451942,,38,,,เจษฎาบดินทร์,ท่าอิฐ,เมืองอุตรดิตถ์,อุตรดิตถ์,53000,,,,"นางประภา ณ เชียงใหม่ <> 080-2451942 | นายบัวแก้ว บุราณะผาย <bbuakaeo@gmail.com> 099-2369119",R0216
G1470,กลุ่มจิตอารีย์,"Foundation/CBO (R0216)",เอกชน,0807964841,,83,06,,แจ้งสนิท,เขื่องใน,เขื่องใน,อุบลราชธานี,34150,0807964841,,,"นางรัชนี พุทธาจู <ruchanee2010@hotmail.com> 0897921343 | นางชำนาญ เชื้อประทุม <> 0822263546",R0216
G8912,กลุ่มชีวิตก้าวไกลโรงพยาบาลน้ำยืน,"Foundation/CBO (R0216)",เอกชน,"0930989199 0931037672",,234,07,,,สีวิเชียร,น้ำยืน,อุบลราชธานี,34260,,,,"นางสาวกัญญาวีร์ สระแสง <> 0931037672",R0216
G1474,กลุ่มทานตะวัน,"Foundation/CBO (R0216)",เอกชน,0862546064,,299,19,,"โชคชัย เดชอุดม",เมืองเดช,เดชอุดม,อุบลราชธานี,34160,,,,,R0216
G8896,กลุ่มสะเดาหวานโรงพยาบาลวารินชำราบ,"Foundation/CBO (R0216)",เอกชน,094-2627928,,46,06,,ศรีสะเกษ,คำน้ำแซบ,วารินชำราบ,อุบลราชธานี,34190,,,,"นส.รดามณี ห่อนิล <radamanee.h@gmail.com> 094-2627928 | นางดุจเดือน คำมั่น <khamman-05@hotmail.com> 081-5482925 | นายศุภวัฒน์ ค่ำมั่น <-> 085-0156619",R0216
G8897,กลุ่มแก่งสะพือสัมพันธ์,"Foundation/CBO (R0216)",เอกชน,0613641395,,20/6,,,"เทศบาล 2",พิบูล,พิบูลมังสาหาร,อุบลราชธานี,34110,,,,"นางกาญจนา ภิบาลวงษ์ <kanjana12052517@gmail.com> 0613671395 | นางทองใส พรมเย็น <-> 0931100345",R0216
41697,"คลินิกเทคนิคการแพทย์ฟ้าสีรุ้ง อุบลราชธานี","Med-Tech Clinic (R020602)",เอกชน,045-957070,,542,,,พิชิตรังสรรค์,ในเมือง,เมืองอุบลราชธานี,อุบลราชธานี,34000,,rsat_ub@rsat.info,,"ปุญชรัสมิ์ ตาเลิศ <puncharat.t@rsat.info> 0639464199",R020602
G8910,ชมรมตระการสดใส,"Foundation/CBO (R0216)",เอกชน,0854988184,,207,08,,,ขุหลุ,ตระการพืชผล,อุบลราชธานี,34130,,,,"นางบุญหลาย เจริญรอย <boonlai242535@gmail.com> 085-4988184",R0216
F0489,มูลนิธิรักษ์ไทยสำนักงานจังหวัดอุบลราชธานี,"Foundation/CBO (R0216)",เอกชน,045240136,,89,,"เลี่ยงเมือง 7",เลี่ยงเมือง,ในเมือง,เมืองอุบลราชธานี,อุบลราชธานี,34000,,,,,R0216
F0416,มูลนิธิเพื่อสุขภาพและการแบ่งปัน,"Foundation/CBO (R0216)",เอกชน,045953649,,192,07,,วิศฺษฐ์ศรี,เขมราฐ,เขมราฐ,อุบลราชธานี,34170,,,,,R0216
F0406,"สมาคมฟ้าสีรุ้งแห่งประเทศไทย สำนักงานจังหวัดอุบลราชธานี","Foundation/CBO (R0216)",เอกชน,045-957070,http://www.rsat.info/,542,,,พิชิตรังสรรค์,ในเมือง,เมืองอุบลราชธานี,อุบลราชธานี,34000,,,,"นายธีรศักดิ์ ประสานพิม <teerasak.p@rsat.info> 0887755838",R0216
G8905,"กลุ่มพิทักษ์อนามัย อำเภอเทิง","Foundation/CBO (R0216)",เอกชน,0870479561,,146,20,,เทิง-เชียงราย,เวียง,เทิง,เชียงราย,57160,,,,"นางดวงทิพย์ แปงหมื่น <daungthip.123@gmail.com> 0870479561",R0216
G1469,กลุ่มมะขามป้อม,"Foundation/CBO (R0216)",เอกชน,053603128,,263,03,,,เวียงชัย,เวียงชัย,เชียงราย,57120,,,,"นางสาวยุพิน บัวอินทร์ <yupinbouin.841.@gmail.com> 0857194841",R0216
G8932,กลุ่มเพื่อนชีวิตดอยหลวง,"Foundation/CBO (R0216)",เอกชน,0835778847,,68,08,,,ปงน้อย,ดอยหลวง,เชียงราย,57110,,,,"ติ๋ม พรมเมือง <> 0835778847",R0216
G1466,กลุ่มใจประสานใจ,"Foundation/CBO (R0216)",เอกชน,053721345,,516,01,,พหลโยธิน,ม่วงคำ,พาน,เชียงราย,57120,,,,"กชพรรณ วังฐาน <kungcr01@gmail.com> 0835801387",R0216
41728,คลินิกเทคนิคการแพทย์เอ็มพลัสเชียงราย,"Med-Tech Clinic (R020602)",เอกชน,052026357,www.mplusthailand.com,997/5,,,สถานพยาบาล,เวียง,เมืองเชียงราย,เชียงราย,57000,,,,"กฤชกร สิงห์สกุล <kitchagron.s@mplusthailand.com> 0856154265",R020602
G8931,ชมรมสายธารรัก,"Foundation/CBO (R0216)",เอกชน,0851262521,,115,06,,,ม่วงยาย,เวียงแก่น,เชียงราย,57310,,,,"นายกิตติพงศ์ วงศ์บุญชัยเลิศ <skwong81@gmail.com> 0851262521",R0216
F0453,"มูลนิธิ ฅ ฅน เพื่อการเปลี่ยนแปลง","Foundation/CBO (R0216)",เอกชน,053711519,,572/12,04,22,,ริมกก,เมืองเชียงราย,เชียงราย,57100,,,,,R0216
F0410,"มูลนิธิเอ็มพลัส จังหวัดเชียงราย","Foundation/CBO (R0216)",เอกชน,"052 026 357",,997/5,,,สถานพยาบาล,เวียง,เมืองเชียงราย,เชียงราย,57000,,,,,R0216
G1438,"กลุ่ม V - Power อาสาสมัครพัมนาชุมชนและการคุ้มครองสิทธิ","Foundation/CBO (R0216)",เอกชน,0981536146,,-,,,,ยุหว่า,สันป่าตอง,เชียงใหม่,50120,,,,,R0216
41936,"คลินิกเทคนิคการแพทย์แคร์แมท เชียงใหม่","Med-Tech Clinic (R020602)",เอกชน,052005458,,257/102-103,,,สุเทพ,สุเทพ,เมืองเชียงใหม่,เชียงใหม่,50000,,,,,R020602
G8913,ชมรมดอกไม้ป่า,"Foundation/CBO (R0216)",เอกชน,0861900922,,259,02,,"เชียงใหม่ - ฮอด",ดอยแก้ว,จอมทอง,เชียงใหม่,50160,,,,,R0216
G1472,ชมรมสู่ขวัญดอยหลวง,"Foundation/CBO (R0216)",เอกชน,0956970278,,286,01,,,เชียงดาว,เชียงดาว,เชียงใหม่,50170,,,,"น.ส.สกาวเดือน สมเกตุ <noy.sako@gmail.com> 09560278",R0216
G1498,"ชมรมเพื่อสุขภาพ ร.พ.ฝาง","Foundation/CBO (R0216)",เอกชน,0954489816,,2,17,,,สันทราย,ฝาง,เชียงใหม่,50110,,,,"วิภา คำยวง <> 0954489816",R0216
G1473,ชมรมใจเขาใจเรา,"Foundation/CBO (R0216)",เอกชน,"0813879156,0903185599",,-,,,ถนนเชียงใหม่-ฮอด,ยุหว่า,สันป่าตอง,เชียงใหม่,50120,,,,"นางประภัสสร ไชยโสภา <Chaisopa19@gmail.com> 0813879156",R0216
G1499,ชมรมไชยปราการยิ้มสู้,"Foundation/CBO (R0216)",เอกชน,"0930438371 / 0886563602",,131,03,,,ศรีดงเย็น,ไชยปราการ,เชียงใหม่,50320,,,,"น.ส.ชุติกานต์ คำเจริญ <chutikan.morn@gmail.com> 0886563602 | นายยงยุทธ กุณะแสงคำ <kunasaengkham@gmail.com> 0930438371",R0216
F0380,"มูลนิธิเอ็มพลัส จังหวัดเชียงใหม่","Foundation/CBO (R0216)",เอกชน,053283108,,142,01,ชมจันทร์,เชียงใหม่-ฮอด,ป่าแดด,เมืองเชียงใหม่,เชียงใหม่,50100,,,,,R0216
G1371,"มูลนิธิแคร์แมท เชียงใหม่","Foundation/CBO (R0216)",เอกชน,052-005458,,257/102-103,,"หมู่บ้านดาวดึงส์ ซอย 2",สุเทพ,สุเทพ,เมืองเชียงใหม่,เชียงใหม่,50200,,,,,R0216
G8934,ศูนย์ลดอันตรายจากยาเสพติดจังหวัดเชียงใหม่,"Foundation/CBO (R0216)",เอกชน,0987879376,,133/2,02,,,ช้างเผือก,เมืองเชียงใหม่,เชียงใหม่,50300,,,,,R0216
G8925,"เครือข่ายผู้ติดเชื้อ HIV/AIDS อำเภอดอยหล่อ","Foundation/CBO (R0216)",เอกชน,0850385412,,109,07,,,ยางคราม,ดอยหล่อ,เชียงใหม่,50160,,,,"นางรจนา ยี่บัว <Rodjana.yibua@gmail.com> 0850385412",R0216
G1503,เครือข่ายฮักฝาง,"Foundation/CBO (R0216)",เอกชน,0625056267,,283/10,03,,,เวียง,ฝาง,เชียงใหม่,50110,,,,"นางศิริพร สินสวัสดิ์ <hugfang9@gmail.com> 0838142854 | นายพีชเรข เนตรศิริ <hugfang9@gmail.com> 0625056267",R0216
41681,เอ็มพลัสสหคลินิก,"Med-Tech Clinic (R020602)",เอกชน,053283108,,142,01,ชมจันทร์,"เชียงใหม่ - ฮอด",ป่าแดด,เมืองเชียงใหม่,เชียงใหม่,50100,,,,,"R020602, R0207"
